mil_0008,lyr_00700,FALSE
mil_0010,lyr_12778,
mil_0029,lyr_07757,
mil_0029,lyr_08667,
mil_0037,lyr_04913,
mil_0037,lyr_08230,
mil_1161,lyr_04913,
mil_1161,lyr_08230,
mil_2478,lyr_04913,
mil_2478,lyr_08230,
mil_2880,lyr_04913,
mil_2880,lyr_08230,
mil_0049,lyr_00829,
mil_0060,lyr_10809,
mil_0998,lyr_10809,
mil_1426,lyr_10809,
mil_0065,lyr_04522,
mil_0065,lyr_08744,
mil_0065,lyr_09215,
mil_0077,lyr_09546,
mil_0088,lyr_03915,
mil_0088,lyr_10033,
mil_1356,lyr_03915,
mil_1356,lyr_10033,
mil_0092,lyr_13252,
mil_0094,lyr_08325,
mil_0094,lyr_13977,
mil_0096,lyr_00958,
mil_0096,lyr_05350,
mil_0096,lyr_09944,
mil_0096,lyr_12593,
mil_3921,lyr_00958,
mil_3921,lyr_05350,
mil_3921,lyr_09944,
mil_3921,lyr_12593,
mil_0102,lyr_08795,
mil_0107,lyr_05007,
mil_0108,lyr_11841,
mil_0871,lyr_11841,
mil_3261,lyr_11841,
mil_3455,lyr_11841,
mil_3673,lyr_11841,
mil_0116,lyr_04300,
mil_0122,lyr_13444,
mil_0124,lyr_08665,
mil_0576,lyr_08665,
mil_1239,lyr_08665,
mil_1280,lyr_08665,
mil_2803,lyr_08665,
mil_3544,lyr_08665,
mil_4114,lyr_08665,
mil_4434,lyr_08665,
mil_4501,lyr_08665,
mil_4502,lyr_08665,
mil_0130,lyr_10198,
mil_2639,lyr_06076,
mil_3323,lyr_06076,
mil_0139,lyr_04347,
mil_0147,lyr_09744,
mil_0151,lyr_11693,
mil_0840,lyr_11693,
mil_2258,lyr_11693,
mil_3019,lyr_11693,
mil_3903,lyr_11693,
mil_0157,lyr_11278,
mil_0185,lyr_08856,
mil_4215,lyr_08856,
mil_0197,lyr_02503,
mil_0197,lyr_08168,
mil_0199,lyr_01052,
mil_0199,lyr_09627,
mil_4140,lyr_01052,
mil_4140,lyr_06199,
mil_4140,lyr_09627,
mil_0201,lyr_04643,
mil_0201,lyr_07036,
mil_0204,lyr_09888,
mil_0211,lyr_06568,
mil_0211,lyr_07387,
mil_0212,lyr_01490,
mil_0212,lyr_06120,
mil_0212,lyr_06691,
mil_0212,lyr_08704,
mil_0212,lyr_11860,
mil_1938,lyr_01490,
mil_1938,lyr_06120,
mil_1938,lyr_06691,
mil_1938,lyr_08704,
mil_1938,lyr_11860,
mil_3002,lyr_01490,
mil_3002,lyr_06120,
mil_3002,lyr_06691,
mil_3002,lyr_08704,
mil_3002,lyr_11860,
mil_3849,lyr_01490,
mil_3849,lyr_06120,
mil_3849,lyr_06691,
mil_3849,lyr_08704,
mil_3849,lyr_11860,
mil_4221,lyr_01490,
mil_4221,lyr_06120,
mil_4221,lyr_06691,
mil_4221,lyr_08704,
mil_4221,lyr_11860,
mil_4486,lyr_01490,
mil_4486,lyr_06120,
mil_4486,lyr_06691,
mil_4486,lyr_08704,
mil_4486,lyr_11860,
mil_0214,lyr_13517,
mil_0215,lyr_00595,
mil_0215,lyr_01095,
mil_0636,lyr_00595,
mil_0636,lyr_01095,
mil_0217,lyr_07008,
mil_0224,lyr_11748,
mil_0229,lyr_00255,
mil_0229,lyr_04778,
mil_0229,lyr_08505,
mil_0229,lyr_11162,
mil_3145,lyr_00255,
mil_3145,lyr_04778,
mil_3145,lyr_08505,
mil_3145,lyr_11162,
mil_0242,lyr_08439,
mil_0269,lyr_01598,
mil_0275,lyr_09572,
mil_0287,lyr_01226,
mil_0291,lyr_01418,
mil_0291,lyr_03574,
mil_0406,lyr_01418,
mil_0406,lyr_03574,
mil_3496,lyr_01418,
mil_0296,lyr_02484,
mil_4142,lyr_02484,
mil_0303,lyr_13786,
mil_0327,lyr_09314,
mil_0335,lyr_01345,
mil_0335,lyr_05816,
mil_0351,lyr_07470,
mil_0351,lyr_12242,
mil_1004,lyr_07470,
mil_1004,lyr_12242,
mil_0355,lyr_02114,
mil_0355,lyr_02862,
mil_0355,lyr_13198,
mil_0530,lyr_02114,
mil_0530,lyr_02862,
mil_0530,lyr_13198,
mil_3928,lyr_02114,
mil_3928,lyr_02862,
mil_3928,lyr_13198,
mil_0362,lyr_06267,
mil_1683,lyr_06267,
mil_0378,lyr_12224,
mil_0384,lyr_00909,
mil_0384,lyr_03118,
mil_0390,lyr_00965,
mil_0390,lyr_08253,
mil_0430,lyr_09345,
mil_0437,lyr_07107,
mil_0463,lyr_11344,
mil_0465,lyr_03647,
mil_0475,lyr_05873,
mil_0475,lyr_06608,
mil_0475,lyr_08378,
mil_1009,lyr_05873,
mil_1009,lyr_06608,
mil_1009,lyr_08378,
mil_0481,lyr_05882,
mil_0490,lyr_03089,
mil_0490,lyr_08233,
mil_0492,lyr_05509,
mil_3952,lyr_05509,
mil_0500,lyr_07199,
mil_0817,lyr_07199,
mil_0517,lyr_05101,
mil_1658,lyr_05101,
mil_0526,lyr_09897,
mil_0526,lyr_13173,
mil_1842,lyr_02529,
mil_0540,lyr_03497,
mil_0541,lyr_00940,
mil_0541,lyr_05342,
mil_0549,lyr_02355,
mil_0549,lyr_09585,
mil_0587,lyr_02355,
mil_0587,lyr_09585,
mil_1759,lyr_02355,
mil_1759,lyr_09585,
mil_2274,lyr_02355,
mil_2274,lyr_09585,
mil_4325,lyr_02355,
mil_4325,lyr_09585,
mil_0572,lyr_00661,
mil_1196,lyr_00661,
mil_1621,lyr_00661,
mil_2618,lyr_00661,
mil_0573,lyr_02989,
mil_0595,lyr_12165,
mil_0599,lyr_07627,
mil_0599,lyr_13432,
mil_0599,lyr_13743,
mil_0601,lyr_11264,
mil_3004,lyr_11264,
mil_0635,lyr_13269,
mil_0640,lyr_03586,
mil_4209,lyr_03586,
mil_0642,lyr_08679,
mil_0642,lyr_10676,
mil_0642,lyr_11686,
mil_0669,lyr_08485,
mil_0679,lyr_02663,
mil_0951,lyr_02663,
mil_0951,lyr_10881,
mil_2828,lyr_02663,
mil_2828,lyr_10881,
mil_3057,lyr_02663,
mil_3057,lyr_10881,
mil_0701,lyr_00440,
mil_0709,lyr_05567,
mil_0718,lyr_04915,
mil_0725,lyr_03623,
mil_1186,lyr_03623,
mil_0730,lyr_00799,
mil_0730,lyr_04593,
mil_0736,lyr_10999,
mil_0739,lyr_02345,
mil_0762,lyr_02682,
mil_0770,lyr_00308,
mil_0770,lyr_13736,
mil_0771,lyr_07365,
mil_3347,lyr_07365,
mil_0773,lyr_09100,
mil_0780,lyr_12989,
mil_0822,lyr_09586,
mil_0823,lyr_09473,
mil_0827,lyr_13528,
mil_2128,lyr_13528,
mil_2218,lyr_13528,
mil_0832,lyr_05354,
mil_0842,lyr_09446,
mil_0849,lyr_07298,
mil_0860,lyr_10444,
mil_0862,lyr_00838,
mil_3712,lyr_00838,
mil_0869,lyr_08789,
mil_0881,lyr_12023,
mil_0903,lyr_13694,
mil_2397,lyr_13694,
mil_0905,lyr_05127,
mil_0908,lyr_00642,
mil_0923,lyr_02326,
mil_0923,lyr_06422,
mil_0923,lyr_09761,
mil_0927,lyr_11720,
mil_0928,lyr_05318,
mil_0929,lyr_02151,
mil_0929,lyr_05123,
mil_0934,lyr_03868,
mil_0935,lyr_08632,
mil_4292,lyr_09914,
mil_0940,lyr_01203,
mil_2428,lyr_01203,
mil_0954,lyr_10752,
mil_0956,lyr_03077,
mil_0956,lyr_04666,
mil_0959,lyr_05966,
mil_0992,lyr_10176,
mil_1000,lyr_00265,
mil_1000,lyr_06239,
mil_1000,lyr_08007,
mil_1001,lyr_08619,
mil_1007,lyr_01710,
mil_1013,lyr_06428,
mil_1013,lyr_09797,
mil_1021,lyr_01435,
mil_1022,lyr_13393,
mil_4503,lyr_11670,
mil_1032,lyr_09874,
mil_1032,lyr_12406,
mil_1032,lyr_13201,
mil_1032,lyr_13484,
mil_1066,lyr_02770,
mil_1067,lyr_12250,
mil_1429,lyr_12250,
mil_1074,lyr_04108,
mil_1074,lyr_09494,
mil_1079,lyr_11280,
mil_1079,lyr_11320,
mil_1084,lyr_01070,
mil_1084,lyr_02928,
mil_1084,lyr_03367,
mil_2259,lyr_01070,
mil_2259,lyr_02928,
mil_2259,lyr_03367,
mil_3471,lyr_01070,
mil_3471,lyr_02928,
mil_3471,lyr_03367,
mil_4261,lyr_01070,
mil_4261,lyr_02928,
mil_4261,lyr_03367,
mil_1089,lyr_00656,
mil_1089,lyr_02099,
mil_1089,lyr_10315,
mil_2666,lyr_00656,
mil_2666,lyr_02099,
mil_2666,lyr_10315,
mil_4696,lyr_00656,
mil_4696,lyr_02099,
mil_4696,lyr_10315,
mil_1106,lyr_09355,
mil_1127,lyr_04712,
mil_1132,lyr_02452,
mil_1132,lyr_08200,
mil_1142,lyr_02224,
mil_1160,lyr_07507,
mil_1163,lyr_01779,
mil_1163,lyr_02354,
mil_1177,lyr_07157,
mil_1177,lyr_09628,
mil_1188,lyr_07249,
mil_1210,lyr_12008,
mil_1223,lyr_10745,
mil_1223,lyr_11359,
mil_2222,lyr_10745,
mil_2222,lyr_11359,
mil_2611,lyr_10745,
mil_2611,lyr_11359,
mil_1232,lyr_11817,
mil_3721,lyr_11817,
mil_1233,lyr_00856,
mil_1233,lyr_01094,
mil_1233,lyr_04168,
mil_1255,lyr_07401,
mil_3031,lyr_07401,
mil_1263,lyr_01021,
mil_1263,lyr_03499,
mil_1287,lyr_02591,
mil_1287,lyr_11265,
mil_1287,lyr_13178,
mil_4279,lyr_02591,
mil_4279,lyr_11265,
mil_4279,lyr_13178,
mil_1294,lyr_02246,
mil_1329,lyr_02441,
mil_1329,lyr_03761,
mil_1329,lyr_05687,
mil_1341,lyr_13522,
mil_1348,lyr_09099,
mil_1351,lyr_13479,
mil_1370,lyr_04810,
mil_1384,lyr_13498,
mil_1393,lyr_02551,
mil_1393,lyr_09199,
mil_1409,lyr_00914,
mil_1411,lyr_13376,
mil_1413,lyr_04524,
mil_1413,lyr_05887,
mil_2499,lyr_04524,
mil_2499,lyr_05887,
mil_1420,lyr_07300,
mil_1435,lyr_03249,
mil_4100,lyr_03249,
mil_1437,lyr_03569,
mil_1437,lyr_06813,
mil_1448,lyr_07556,
mil_1449,lyr_05243,
mil_1475,lyr_07588,
mil_1482,lyr_09631,
mil_1485,lyr_10878,
mil_3000,lyr_10878,
mil_1492,lyr_03534,
mil_1498,lyr_09643,
mil_1506,lyr_10802,
mil_1509,lyr_03364,
mil_1511,lyr_03542,
mil_1511,lyr_07942,
mil_1511,lyr_10241,
mil_1511,lyr_11013,
mil_1511,lyr_13886,
mil_1514,lyr_05458,
mil_1521,lyr_03124,
mil_1521,lyr_07661,
mil_1521,lyr_09179,
mil_1875,lyr_03124,
mil_1875,lyr_07661,
mil_1875,lyr_09179,
mil_1525,lyr_02540,
mil_1552,lyr_11792,
mil_1565,lyr_09855,
mil_1574,lyr_09091,
mil_1576,lyr_01836,
mil_1634,lyr_07333,
mil_1634,lyr_11400,
mil_3983,lyr_07333,
mil_3983,lyr_11400,
mil_1641,lyr_13447,
mil_2183,lyr_13447,
mil_1647,lyr_04313,
mil_1647,lyr_13330,
mil_1648,lyr_03020,
mil_1676,lyr_00521,
mil_1676,lyr_13003,
mil_3092,lyr_06083,
mil_1681,lyr_02670,
mil_1721,lyr_02670,
mil_3788,lyr_02670,
mil_1697,lyr_04813,
mil_1697,lyr_07278,
mil_2328,lyr_04813,
mil_2328,lyr_07278,
mil_1700,lyr_02983,
mil_1700,lyr_07533,
mil_1700,lyr_10649,
mil_1700,lyr_10955,
mil_1723,lyr_10810,
mil_1726,lyr_01648,
mil_1727,lyr_01638,
mil_1731,lyr_05723,
mil_1734,lyr_03552,
mil_1734,lyr_04136,
mil_1734,lyr_04452,
mil_1734,lyr_04901,
mil_1734,lyr_07590,
mil_1744,lyr_02948,
mil_1748,lyr_12116,
mil_1749,lyr_02323,
mil_1749,lyr_13192,
mil_1892,lyr_02323,
mil_1892,lyr_13192,
mil_1760,lyr_02018,
mil_1760,lyr_10381,
mil_1763,lyr_00600,
mil_1876,lyr_00600,
mil_3433,lyr_00600,
mil_3615,lyr_00600,
mil_4769,lyr_00600,
mil_1781,lyr_13425,
mil_1786,lyr_13158,
mil_1789,lyr_07123,
mil_1790,lyr_04673,
mil_1798,lyr_04899,
mil_1805,lyr_10508,
mil_1823,lyr_13921,
mil_1836,lyr_01921,
mil_1836,lyr_05145,
mil_1836,lyr_07276,
mil_1849,lyr_04588,
mil_1849,lyr_11170,
mil_1849,lyr_13357,
mil_2110,lyr_04588,
mil_2110,lyr_11170,
mil_2110,lyr_13357,
mil_3931,lyr_04588,
mil_3931,lyr_11170,
mil_3931,lyr_13357,
mil_3947,lyr_04588,
mil_3947,lyr_11170,
mil_3947,lyr_13357,
mil_1852,lyr_03014,
mil_1852,lyr_13927,
mil_1860,lyr_05920,
mil_1863,lyr_12856,
mil_1874,lyr_08714,
mil_1894,lyr_02703,
mil_1894,lyr_07585,
mil_1894,lyr_13606,
mil_1900,lyr_11248,
mil_1909,lyr_02242,
mil_1910,lyr_01858,
mil_1910,lyr_02442,
mil_1910,lyr_07074,
mil_1910,lyr_07135,
mil_1910,lyr_07832,
mil_2594,lyr_01858,
mil_2594,lyr_02442,
mil_2594,lyr_07074,
mil_2594,lyr_07135,
mil_2594,lyr_07832,
mil_1936,lyr_03345,
mil_1936,lyr_08388,
mil_1945,lyr_09104,
mil_1945,lyr_12939,
mil_1949,lyr_03355,
mil_1950,lyr_07574,
mil_1950,lyr_09332,
mil_1951,lyr_05408,
mil_1951,lyr_08605,
mil_1951,lyr_10066,
mil_1951,lyr_10837,
mil_1951,lyr_13224,
mil_2811,lyr_05408,
mil_2811,lyr_08605,
mil_2811,lyr_10066,
mil_2811,lyr_10837,
mil_1994,lyr_10769,
mil_1995,lyr_02134,
mil_2007,lyr_02332,
mil_2016,lyr_01176,
mil_2026,lyr_09713,
mil_2027,lyr_06826,
mil_2041,lyr_05743,
mil_2055,lyr_03070,
mil_2055,lyr_12117,
mil_2063,lyr_02977,
mil_2068,lyr_09908,
mil_2073,lyr_03184,
mil_2081,lyr_00410,
mil_2081,lyr_12642,
mil_2085,lyr_10071,
mil_2085,lyr_12114,
mil_2091,lyr_02259,
mil_2099,lyr_05942,
,,
mil_2102,lyr_07879,
,,
mil_2107,lyr_04992,
mil_2107,lyr_07287,
,,
,,
mil_2122,lyr_10262,
mil_2122,lyr_11317,
mil_2133,lyr_00271,
mil_2133,lyr_01837,
mil_2133,lyr_03518,
mil_2133,lyr_04912,
mil_2133,lyr_08114,
mil_2404,lyr_00271,
mil_2404,lyr_01837,
mil_2404,lyr_03518,
mil_2404,lyr_04912,
mil_2404,lyr_08114,
mil_2146,lyr_03150,
mil_2146,lyr_13773,
,,
mil_2158,lyr_07377,
,,
mil_2185,lyr_10965,
mil_4638,lyr_10965,
mil_2186,lyr_06636,
mil_2189,lyr_07341,
,,
mil_2198,lyr_07319,
,,
mil_2209,lyr_02974,
mil_2209,lyr_06444,
mil_2209,lyr_11324,
mil_2211,lyr_05667,
mil_2212,lyr_13142,
mil_2213,lyr_08862,
mil_2217,lyr_03052,
mil_2229,lyr_05144,
mil_2230,lyr_12231,
,,
,,
,,
mil_2256,lyr_07339,
,,
,,
mil_2304,lyr_12765,
,,
,,
mil_2319,lyr_04207,
mil_2320,lyr_13176,
,,
,,
mil_2381,lyr_03269,
,,
mil_2389,lyr_02356,
mil_2389,lyr_09458,
mil_2400,lyr_04860,
mil_2430,lyr_01282,
,,
mil_2443,lyr_02729,
mil_2448,lyr_02918,
mil_2462,lyr_03613,
mil_2484,lyr_01927,
mil_2484,lyr_02386,
mil_2484,lyr_02699,
mil_2484,lyr_04935,
mil_2484,lyr_07560,
mil_2484,lyr_13655,
mil_2711,lyr_01927,
mil_2711,lyr_02386,
mil_2711,lyr_02699,
mil_2711,lyr_04935,
mil_2711,lyr_07560,
mil_2711,lyr_13655,
mil_2892,lyr_01927,
mil_2892,lyr_02386,
mil_2892,lyr_02699,
mil_2892,lyr_04935,
mil_2892,lyr_07560,
mil_2892,lyr_13655,
,,
mil_2493,lyr_03067,
,,
mil_2533,lyr_03947,
,,
mil_2544,lyr_11939,
mil_2548,lyr_01123,
mil_2551,lyr_01163,
mil_2554,lyr_07206,
mil_2573,lyr_02902,
,,
,,
mil_2597,lyr_01124,
mil_2603,lyr_05513,
mil_2603,lyr_07242,
mil_2615,lyr_08778,
mil_2615,lyr_13591,
mil_2617,lyr_13848,
mil_2622,lyr_10020,
,,
mil_2650,lyr_02916,
,,
mil_2655,lyr_09625,
mil_2676,lyr_04055,
,,
mil_2683,lyr_06133,
mil_2691,lyr_00828,
mil_2702,lyr_08232,
mil_2702,lyr_12710,
,,
mil_2712,lyr_04907,
mil_2720,lyr_00453,
mil_2720,lyr_02614,
mil_2726,lyr_10221,
mil_2726,lyr_12249,
mil_4195,lyr_10221,
mil_4195,lyr_12249,
mil_2740,lyr_03876,
mil_2751,lyr_00925,
mil_2751,lyr_07270,
,,
mil_2763,lyr_03919,
mil_2765,lyr_02732,
mil_2789,lyr_02854,
mil_2814,lyr_02002,
mil_2814,lyr_04478,
mil_2814,lyr_06227,
mil_2814,lyr_10189,
mil_2818,lyr_05273,
mil_2818,lyr_06437,
mil_2818,lyr_13310,
mil_3102,lyr_05273,
mil_3102,lyr_06437,
mil_3102,lyr_13310,
mil_4439,lyr_05273,
mil_4439,lyr_06437,
mil_4439,lyr_13310,
mil_2827,lyr_06844,
mil_2827,lyr_10760,
,,
mil_2833,lyr_10069,
mil_2844,lyr_09144,
mil_2847,lyr_13505,
mil_3379,lyr_13505,
mil_2876,lyr_01830,
mil_2895,lyr_08612,
,,
mil_2907,lyr_02755,
mil_2917,lyr_00794,
,,
,,
mil_2976,lyr_00768,
mil_3013,lyr_08321,
mil_3018,lyr_10797,
mil_3018,lyr_13347,
mil_4622,lyr_10797,
,,
mil_3020,lyr_12719,
mil_3053,lyr_04362,
mil_3054,lyr_12535,
mil_3056,lyr_08257,
mil_3059,lyr_07112,
mil_3065,lyr_13257,
mil_3067,lyr_12999,
mil_3077,lyr_11166,
mil_3082,lyr_12941,
,,
,,
mil_3096,lyr_02750,
mil_3106,lyr_09916,
mil_3108,lyr_04400,
mil_3115,lyr_06794,
mil_3125,lyr_02123,
mil_3140,lyr_03304,
mil_3140,lyr_05831,
mil_3140,lyr_08258,
mil_3153,lyr_05709,
,,
,,
mil_3168,lyr_02976,
mil_3169,lyr_12603,
mil_3172,lyr_05034,
,,
,,
mil_3186,lyr_03485,
mil_3186,lyr_07182,
,,
mil_3198,lyr_13975,
,,
mil_3207,lyr_03058,
,,
mil_3211,lyr_10438,
mil_3213,lyr_12746,
,,
mil_3231,lyr_11318,
mil_3236,lyr_09902,
mil_3240,lyr_01066,
mil_3240,lyr_06094,
mil_3241,lyr_07259,
,,
,,
,,
mil_3256,lyr_02718,
mil_3256,lyr_03873,
,,
,,
mil_3277,lyr_12968,
mil_3771,lyr_12968,
,,
,,
mil_3304,lyr_02662,
mil_3304,lyr_04552,
mil_3304,lyr_05935,
mil_3688,lyr_02662,
mil_3688,lyr_04552,
mil_3688,lyr_05935,
mil_3312,lyr_10322,
,,
mil_3345,lyr_07358,
mil_3348,lyr_02968,
mil_3348,lyr_07526,
mil_3352,lyr_00951,
,,
mil_3371,lyr_11076,
,,
mil_3389,lyr_13279,
mil_3389,lyr_13516,
mil_3395,lyr_04905,
mil_3395,lyr_12550,
mil_3397,lyr_05112,
mil_3397,lyr_09922,
,,
,,
mil_3446,lyr_05174,
mil_3446,lyr_11780,
mil_3449,lyr_03949,
mil_3479,lyr_01634,
mil_3479,lyr_03531,
mil_3479,lyr_08827,
mil_3488,lyr_01031,
mil_3488,lyr_11348,
mil_4309,lyr_01031,
mil_4309,lyr_11348,
mil_3500,lyr_04414,
mil_3500,lyr_04986,
mil_3508,lyr_03855,
mil_3509,lyr_10945,
mil_3509,lyr_11601,
,,
mil_3516,lyr_10136,
mil_3516,lyr_10967,
,,
mil_3524,lyr_01902,
mil_3526,lyr_10493,
mil_3530,lyr_00585,
mil_3532,lyr_13417,
mil_3533,lyr_07197,
mil_3538,lyr_02079,
mil_3538,lyr_04551,
mil_3538,lyr_10811,
mil_3538,lyr_11672,
mil_3565,lyr_02843,
mil_3569,lyr_05356,
mil_3571,lyr_06105,
mil_3571,lyr_08201,
,,
,,
mil_3597,lyr_00458,
mil_3597,lyr_01953,
mil_3597,lyr_03395,
,,
mil_3637,lyr_02759,
mil_3647,lyr_05672,
mil_3663,lyr_08386,
mil_3674,lyr_07142,
mil_3674,lyr_12686,
mil_3683,lyr_00812,
mil_3684,lyr_00270,
mil_3687,lyr_02312,
mil_3722,lyr_10762,
,,
,,
mil_3748,lyr_07553,
mil_4111,lyr_07553,
,,
mil_3758,lyr_11651,
mil_3760,lyr_07542,
mil_3760,lyr_07633,
mil_3761,lyr_01559,
mil_3761,lyr_08806,
mil_3765,lyr_03357,
mil_3767,lyr_05227,
mil_3769,lyr_05065,
mil_3770,lyr_01090,
,,
,,
mil_3789,lyr_07437,
,,
mil_3798,lyr_13507,
mil_3821,lyr_02288,
mil_3821,lyr_05843,
,,
mil_3866,lyr_03653,
mil_3870,lyr_07491,
,,
mil_3879,lyr_06357,
,,
mil_3888,lyr_03537,
,,
mil_3893,lyr_02437,
mil_3893,lyr_09201,
mil_3918,lyr_10642,
mil_3932,lyr_07067,
mil_3936,lyr_01727,
mil_3938,lyr_12118,
mil_3940,lyr_00002,
mil_3959,lyr_03687,
mil_3959,lyr_13746,
mil_3991,lyr_06252,
mil_3996,lyr_00692,
,,
mil_4014,lyr_00933,
mil_4014,lyr_01657,
,,
,,
,,
mil_4047,lyr_04240,
mil_4048,lyr_06480,
,,
,,
mil_4067,lyr_02514,
,,
,,
mil_4075,lyr_05251,
mil_4087,lyr_13067,
mil_4089,lyr_02941,
mil_4089,lyr_12915,
mil_4098,lyr_13525,
mil_4105,lyr_08122,
mil_4105,lyr_12695,
mil_4107,lyr_05222,
mil_4121,lyr_08622,
,,
mil_4145,lyr_05190,
,,
mil_4157,lyr_07185,
mil_4331,lyr_07185,
mil_4181,lyr_07231,
mil_4197,lyr_08712,
mil_4198,lyr_01007,
mil_4206,lyr_07565,
mil_4214,lyr_02690,
mil_4214,lyr_03553,
mil_4214,lyr_04157,
mil_4214,lyr_12128,
mil_4214,lyr_12776,
mil_4214,lyr_13504,
mil_4220,lyr_07413,
mil_4220,lyr_09196,
mil_4327,lyr_07413,
mil_4327,lyr_09196,
mil_4230,lyr_03084,
mil_4260,lyr_07131,
,,
mil_4276,lyr_00468,
mil_4276,lyr_01954,
mil_4277,lyr_08410,
mil_4286,lyr_01808,
mil_4286,lyr_02102,
mil_4286,lyr_02812,
mil_4286,lyr_04590,
mil_4286,lyr_07186,
mil_4286,lyr_08677,
mil_4286,lyr_13197,
mil_4298,lyr_00204,
mil_4298,lyr_02942,
mil_4306,lyr_04148,
,,
mil_4335,lyr_12009,
,,
mil_4340,lyr_08866,
mil_4361,lyr_04815,
mil_4363,lyr_04909,
,,
,,
,,
mil_4381,lyr_02874,
mil_4381,lyr_07237,
,,
mil_4427,lyr_04459,
mil_4427,lyr_07707,
mil_4450,lyr_09081,
,,
mil_4487,lyr_00784,
mil_4487,lyr_11269,
mil_4496,lyr_11069,
mil_4526,lyr_01136,
,,
mil_4535,lyr_01854,
mil_4535,lyr_03071,
,,
mil_4557,lyr_02751,
mil_4560,lyr_01989,
,,
mil_4607,lyr_05036,
mil_4607,lyr_12899,
,,
mil_4637,lyr_11023,
mil_4656,lyr_04729,
,,
mil_4674,lyr_09252,
mil_4682,lyr_00461,
mil_4682,lyr_03404,
mil_4682,lyr_08022,
,,
mil_4689,lyr_07637,
mil_4689,lyr_10207,
mil_4690,lyr_00224,
mil_4690,lyr_08585,
,,
mil_4695,lyr_13146,
mil_4703,lyr_07238,
mil_4703,lyr_08205,
,,
mil_4720,lyr_05389,
mil_4727,lyr_11287,
,,
mil_4760,lyr_00687,
,,
,,
mil_4780,lyr_04518,
mil_4782,lyr_07582,
